pseudo_word,pseudo_len,pseudo_freq,real_word,real_len,real_freq,score
sheer,5,2071421.0,anger,5,6714851.0,1.1760867954080823
wider,5,4962184.0,refer,5,8430029.0,0.5299542456988036
enter,5,11772759.0,older,5,14300395.0,0.19449885594370997
river,5,12570076.0,paper,5,26454718.0,0.7441154479631358
cover,5,13765275.0,lower,5,28478850.0,0.7270125899144269
